"__v,_id,city,title"
"0,609e97c2bb31f5b3c3523c0d,Hilvarenbeek,Safaripark Beekse Bergen"
"0,609ea1bcbb31f5b3c3523e4d,Kampen,Kamper Genot"
"0,609ea370bb31f5b3c3523ebb,Kampen,Kinderboerderij Cantecleer"
"0,609ea35abb31f5b3c3523eb1,Kampen,CafÃ© Eigenwijs"
"0,609ea3d0bb31f5b3c3523ee2,Kampen,Cafe 't Ponton"
"0,609ea3f5bb31f5b3c3523ef2,Kampen,Grand CafÃ© de Majesteit"
"0,609ea420bb31f5b3c3523f08,Kampen,CafÃ©-Bar De Pub"
"0,609ea535bb31f5b3c3523f63,Zwolle,Kartcentrum Zwolle/Karba"
"0,609eaa63bb31f5b3c35240c4,Deventer,Skatebaan"
"0,609eaa77bb31f5b3c35240ce,Zwolle,Skatepark Zwolle"
"0,609eaaadbb31f5b3c35240ed,Kampen,Posthuus Kampen"
"0,609eab81bb31f5b3c3524135,Kampen,Stadsgehoorzaal Kampen - Theater en Congreslocatie"
"0,609eabaebb31f5b3c3524149,Driebergen-Rijsenburg,Kartcircuit Driebergen"
"0,60c243b114044ef68bdac5d9,Enkhuizen,Piekuren"
"0,60c38c6614044ef68bdac78a,Kampen,Foto's"
"0,60c38db814044ef68bdac7aa,Lelystad,Van de eigenaar"
"0,60c23e0214044ef68bdac5a9,Kampen,Ontbrekende informatie toevoegen"